name,domain,website_url,industry,country,city
Ananta Asesores,anantaasesores.es,https://www.anantaasesores.es/,professional_services,Spain,Madrid
J Gervas Asesores,asesoriagervas.es,https://www.asesoriagervas.es/,professional_services,Spain,Madrid
MZG Asesores,mzgasesores.es,https://www.mzgasesores.es/,professional_services,Spain,Madrid
Pradilla Asesores,pradilla.com,https://www.pradilla.com/asesoria/,professional_services,Spain,Madrid
De Mesa y Vertiz Consultores,demesayvertizconsultores.com,https://www.demesayvertizconsultores.com/,professional_services,Spain,Madrid
Asesorus,asesorus.es,https://www.asesorus.es/,professional_services,Spain,Madrid
Alfages Consulting,alfagesconsulting.com,https://www.alfagesconsulting.com/,professional_services,Spain,Madrid
Asesoria Las Tablas,asesorialastablasmadrid.es,https://asesorialastablasmadrid.es/,professional_services,Spain,Madrid
Asesoren,asesoren.com,https://www.asesoren.com/,professional_services,Spain,Madrid
De La Rua Asesores,delarua-asesores.com,https://delarua-asesores.com/,professional_services,Spain,Madrid
LyR Asesores,lyrasesores.es,https://www.lyrasesores.es/,professional_services,Spain,Madrid
Del Amo Asesores,delamoasesores.es,https://delamoasesores.es/,professional_services,Spain,Madrid
Carsan Gestion,carsangestion.es,https://www.carsangestion.es/,professional_services,Spain,Madrid
Sialco Asesores,sialco.es,https://sialco.es/,professional_services,Spain,Majadahonda
Guijarro y Ruiz Asesores,guijarroyruizasesores.com,https://guijarroyruizasesores.com/,professional_services,Spain,Madrid
Gestoria DS,gestoriadsmadrid.com,https://www.gestoriadsmadrid.com/,professional_services,Spain,Madrid
Viaconta Consultoria Empresarial,viaconta.es,https://www.viaconta.es/,professional_services,Spain,Madrid
Iberica de Asesoramiento,ibericadeasesoramiento.com,https://ibericadeasesoramiento.com/,professional_services,Spain,Madrid
Tgestione,tgestione.com,https://tgestione.com/,professional_services,Spain,Las Rozas de Madrid
OK Asesores,okasesores.es,https://okasesores.es/,professional_services,Spain,Madrid
CDC Asesores,cdcasesores.com,https://cdcasesores.com/,professional_services,Spain,Madrid
Disyem,disyem.es,https://disyem.es/,professional_services,Spain,Madrid
Consulting F,consultingf.com,https://www.consultingf.com/,professional_services,Spain,Madrid
Gestiauto Tramitaciones,gestiautotramitaciones.net,https://www.gestiautotramitaciones.net/,professional_services,Spain,Madrid
Anta Consulting,antaconsulting.es,https://www.antaconsulting.es/,professional_services,Spain,Madrid
Karma Asesores,k-asesores.com,https://k-asesores.com/,professional_services,Spain,Madrid
Asesorate Pymes,asesoratepymes.com,https://www.asesoratepymes.com/asesoria-gestoria/madrid/,professional_services,Spain,Madrid
Femaes Asesores,femaes.es,https://femaes.es/,professional_services,Spain,Pozuelo de Alarcon
JM Tax Consulting,jmtax.es,http://www.jmtax.es/,professional_services,Spain,San Sebastian de los Reyes
Gaudium Asesores,gaudiumasesores.es,https://gaudiumasesores.es/,professional_services,Spain,Madrid
